AS;Interatomic Distance (pm);CS;MI;nd;cn sur;Ed (eV);Edw (eV);Eu (eV);SE (J/m2);WF (eV);cn ADS;E;site
Zr;319.7 ;hcp;0001;2;9;3.00;12.26;4.60;1.59;4.95;3;776;ads h
Zr;319.7 ;hcp;0001;2;9;3.00;12.26;4.60;1.59;4.95;3;747;ads hE
Zr;319.7 ;hcp;0001;2;9;3.00;12.26;4.60;1.59;4.95;4;728;abs top
Zr;319.7 ;hcp;0001;2;9;3.00;12.26;4.60;1.59;4.95;6;887;abs hE
Zr;319.7 ;hcp;1010;2;8;3.04;12.58;-0.38;1.63;3.15;1;380;ads t
Zr;319.7 ;hcp;1010;2;8;3.04;12.58;-0.38;1.63;3.15;2;799;ads bL
Zr;319.7 ;hcp;1010;2;8;3.04;12.58;-0.38;1.63;3.15;5;583;ads h
Zr;319.7 ;hcp;1010;2;8;3.04;12.58;-0.38;1.63;3.15;5;805;abs bS
Zr;319.7;hcp;1120;2;7;2.41;10.86;0.08;1.64;3.38;3;808;ads h
Zr;319.7;hcp;1120;2;7;2.41;10.86;0.08;1.64;3.38;8;792;abs top
Zr;319.7;hcp;1120;2;7;2.41;10.86;0.08;1.64;3.38;6;930;abs bS
Zn;289.0;hcp;0001;10;9;-7.21;-2.04;-6.92;0.35;4.12;3;397;ads hE
Zn;289.0;hcp;0001;10;9;-7.21;-2.04;-6.92;0.35;4.12;4;421;abs top
Zn;289.0;hcp;0001;10;9;-7.21;-2.04;-6.92;0.35;4.12;4;438;abs h
Zn;289.0;hcp;0001;10;9;-7.21;-2.04;-6.92;0.35;4.12;6;461;abs hE
Zn;289.0;hcp;1010;10;8;-6.97;-2.43;-6.80;0.57;2.52;4;225;ads h
Zn;289.0;hcp;1010;10;8;-6.97;-2.43;-6.80;0.57;2.52;3;382;abs top
Zn;289.0;hcp;1010;10;8;-6.97;-2.43;-6.80;0.57;2.52;5;421;abs bS
Zn;289.0;hcp;1010;10;8;-6.97;-2.43;-6.80;0.57;2.52;5;413;abs bL
Zn;289.0;hcp;1010;10;8;-6.97;-2.43;-6.80;0.57;2.52;3;337;abs h
Zn;289.0;hcp;1120;10;7;-7.12;-2.35;-6.76;0.91;2.62;3;509;ads h
Zn;289.0;hcp;1120;10;7;-7.12;-2.35;-6.76;0.91;2.62;8;491;abs top
Zn;289.0;hcp;1120;10;7;-7.12;-2.35;-6.76;0.91;2.62;6;531;abs bS
Y;354.3;hcp;0001;1;9;3.80;12.27;5.51;1.00;3.74;3;739;ads h
Y;354.3;hcp;0001;1;9;3.80;12.27;5.51;1.00;3.74;4;736;abs top
Y;354.3;hcp;0001;1;9;3.80;12.27;5.51;1.00;3.74;6;831;abs hE
Y;354.3;hcp;1010;1;8;3.63;11.93;4.38;0.98;2.67;2;724;ads bL
Y;354.3;hcp;1010;1;8;3.63;11.93;4.38;0.98;2.67;4;616;ads h
Y;354.3;hcp;1010;1;8;3.63;11.93;4.38;0.98;2.67;3;670;abs top
Y;354.3;hcp;1010;1;8;3.63;11.93;4.38;0.98;2.67;5;790;abs bS
Y;354.3;hcp;1120;1;7;3.08;10.47;2.98;1.02;2.94;3;781;ads h
Y;354.3;hcp;1120;1;7;3.08;10.47;2.98;1.02;2.94;8;755;abs top
Y;354.3;hcp;1120;1;7;3.08;10.47;2.98;1.02;2.94;6;836;abs bS
Ti;288.4;hcp;0001;2;9;3.07;14.71;2.95;1.97;5.89;3;779;ads h
Ti;288.4;hcp;0001;2;9;3.07;14.71;2.95;1.97;5.89;3;757;ads hE
Ti;288.4;hcp;0001;2;9;3.07;14.71;2.95;1.97;5.89;4;702;abs top
Ti;288.4;hcp;0001;2;9;3.07;14.71;2.95;1.97;5.89;6;881;abs hE
Ti;288.4;hcp;1010;2;8;2.96;14.51;3.20;2.00;3.74;2;830;ads bL
Ti;288.4;hcp;1010;2;8;2.96;14.51;3.20;2.00;3.74;4;688;ads h
Ti;288.4;hcp;1010;2;8;2.96;14.51;3.20;2.00;3.74;3;705;abs top
Ti;288.4;hcp;1010;2;8;2.96;14.51;3.20;2.00;3.74;5;812;abs bS
Ti;288.4;hcp;1120;2;7;2.42;12.99;3.36;1.88;3.96;3;843;ads h
Ti;288.4;hcp;1120;2;7;2.42;12.99;3.36;1.88;3.96;8;787;abs top
Ti;288.4;hcp;1120;2;7;2.42;12.99;3.36;1.88;3.96;6;927;abs bS
Tc;272.2;hcp;0001;5;9;-0.50;6.15;-0.59;2.22;5.98;1;468;ads top
Tc;272.2;hcp;0001;5;9;-0.50;6.15;-0.59;2.22;5.98;3;698;ads h
Tc;272.2;hcp;0001;5;9;-0.50;6.15;-0.59;2.22;5.98;3;684;ads hE
Tc;272.2;hcp;0001;5;9;-0.50;6.15;-0.59;2.22;5.98;4;567;abs h
Tc;272.2;hcp;0001;5;9;-0.50;6.15;-0.59;2.22;5.98;6;669;abs hE
Tc;272.2;hcp;1010;5;8;-0.68;5.35;2.13;3.43;3.80;1;594;ads top
Tc;272.2;hcp;1010;5;8;-0.68;5.35;2.13;3.43;3.80;2;751;ads bS
Tc;272.2;hcp;1010;5;8;-0.68;5.35;2.13;3.43;3.80;2;781;ads bL
Tc;272.2;hcp;1010;5;8;-0.68;5.35;2.13;3.43;3.80;4;571;ads h
Tc;272.2;hcp;1010;5;8;-0.68;5.35;2.13;3.43;3.80;3;527;abs top
Tc;272.2;hcp;1010;5;8;-0.68;5.35;2.13;3.43;3.80;5;608;abs bS
Tc;272.2;hcp;1120;5;7;-0.84;5.73;1.21;2.69;4.67;2;607;ads bS
Tc;272.2;hcp;1120;5;7;-0.84;5.73;1.21;2.69;4.67;3;690;ads h
Tc;272.2;hcp;1120;5;7;-0.84;5.73;1.21;2.69;4.67;8;626;abs top
Tc;272.2;hcp;1120;5;7;-0.84;5.73;1.21;2.69;4.67;6;664;abs bS
Sc;321.4;hcp;0001;1;9;3.61;14.22;3.27;1.28;4.11;3;753;ads h
Sc;321.4;hcp;0001;1;9;3.61;14.22;3.27;1.28;4.11;4;739;abs top
Sc;321.4;hcp;0001;1;9;3.61;14.22;3.27;1.28;4.11;6;871;abs hE
Sc;321.4;hcp;1010;1;8;3.71;14.67;2.77;1.21;2.88;2;752;ads bL
Sc;321.4;hcp;1010;1;8;3.71;14.67;2.77;1.21;2.88;4;665;ads h
Sc;321.4;hcp;1010;1;8;3.71;14.67;2.77;1.21;2.88;3;688;abs top
Sc;321.4;hcp;1010;1;8;3.71;14.67;2.77;1.21;2.88;5;801;abs bS
Sc;321.4;hcp;1120;1;7;3.16;13.07;2.36;1.26;3.14;3;841;ads h
Sc;321.4;hcp;1120;1;7;3.16;13.07;2.36;1.26;3.14;8;794;abs top
Sc;321.4;hcp;1120;1;7;3.16;13.07;2.36;1.26;3.14;6;882;abs bS
Ru;265.8;hcp;0001;7;9;-1.42;4.48;0.84;2.55;7.54;1;502;ads top
Ru;265.8;hcp;0001;7;9;-1.42;4.48;0.84;2.55;7.54;3;718;ads h
Ru;265.8;hcp;0001;7;9;-1.42;4.48;0.84;2.55;7.54;3;654;ads hE
Ru;265.8;hcp;0001;7;9;-1.42;4.48;0.84;2.55;7.54;4;571;abs top
Ru;265.8;hcp;0001;7;9;-1.42;4.48;0.84;2.55;7.54;6;607;abs hE
Ru;265.8;hcp;1010;7;8;-1.29;4.83;0.88;2.87;4.88;1;555;ads top
Ru;265.8;hcp;1010;7;8;-1.29;4.83;0.88;2.87;4.88;2;664;ads bS
Ru;265.8;hcp;1010;7;8;-1.29;4.83;0.88;2.87;4.88;2;716;ads bL
Ru;265.8;hcp;1010;7;8;-1.29;4.83;0.88;2.87;4.88;4;538;ads h
Ru;265.8;hcp;1010;7;8;-1.29;4.83;0.88;2.87;4.88;5;602;abs bS
Ru;265.8;hcp;1120;7;7;-1.27;5.07;1.58;3.32;5.71;1;555;ads top
Ru;265.8;hcp;1120;7;7;-1.27;5.07;1.58;3.32;5.71;2;666;ads bS
Ru;265.8;hcp;1120;7;7;-1.27;5.07;1.58;3.32;5.71;2;732;ads bL
Ru;265.8;hcp;1120;7;7;-1.27;5.07;1.58;3.32;5.71;3;729;ads h
Ru;265.8;hcp;1120;7;7;-1.27;5.07;1.58;3.32;5.71;8;643;abs top
Ru;265.8;hcp;1120;7;7;-1.27;5.07;1.58;3.32;5.71;6;689;abs bS
Re;275.5;hcp;0001;5;9;1.22;14.31;16.41;2.60;7.08;1;490;ads top
Re;275.5;hcp;0001;5;9;1.22;14.31;16.41;2.60;7.08;3;732;ads h
Re;275.5;hcp;0001;5;9;1.22;14.31;16.41;2.60;7.08;3;739;ads hE
Re;275.5;hcp;0001;5;9;1.22;14.31;16.41;2.60;7.08;4;525;abs top
Re;275.5;hcp;0001;5;9;1.22;14.31;16.41;2.60;7.08;6;701;abs hE
Re;275.5;hcp;1010;5;8;0.99;13.50;3.37;2.93;4.58;1;515;ads top
Re;275.5;hcp;1010;5;8;0.99;13.50;3.37;2.93;4.58;2;694;ads bS
Re;275.5;hcp;1010;5;8;0.99;13.50;3.37;2.93;4.58;2;731;ads bL
Re;275.5;hcp;1010;5;8;0.99;13.50;3.37;2.93;4.58;4;491;ads h
Re;275.5;hcp;1010;5;8;0.99;13.50;3.37;2.93;4.58;5;600;abs bS
Re;275.5;hcp;1120;5;7;0.84;14.01;2.28;3.12;5.53;2;623;ads bS
Re;275.5;hcp;1120;5;7;0.84;14.01;2.28;3.12;5.53;3;684;ads h
Re;275.5;hcp;1120;5;7;0.84;14.01;2.28;3.12;5.53;6;591;abs top
Re;275.5;hcp;1120;5;7;0.84;14.01;2.28;3.12;5.53;6;584;abs bS
Os;269.4;hcp;0001;6;9;-0.43;12.06;2.18;2.91;7.80;1;490;ads top
Os;269.4;hcp;0001;6;9;-0.43;12.06;2.18;2.91;7.80;3;721;ads h
Os;269.4;hcp;0001;6;9;-0.43;12.06;2.18;2.91;7.80;3;655;ads hE
Os;269.4;hcp;0001;6;9;-0.43;12.06;2.18;2.91;7.80;4;502;abs top
Os;269.4;hcp;0001;6;9;-0.43;12.06;2.18;2.91;7.80;6;508;abs hE
Os;269.4;hcp;1010;6;8;-0.35;11.95;1.34;3.32;5.12;1;576;ads top
Os;269.4;hcp;1010;6;8;-0.35;11.95;1.34;3.32;5.12;2;679;ads bS
Os;269.4;hcp;1010;6;8;-0.35;11.95;1.34;3.32;5.12;2;699;ads bL
Os;269.4;hcp;1010;6;8;-0.35;11.95;1.34;3.32;5.12;4;504;ads h
Os;269.4;hcp;1010;6;8;-0.35;11.95;1.34;3.32;5.12;3;576;abs top
Os;269.4;hcp;1010;6;8;-0.35;11.95;1.34;3.32;5.12;5;513;abs bS
Os;269.4;hcp;1120;6;7;-0.41;11.94;-0.10;4.02;5.93;1;582;ads top
Os;269.4;hcp;1120;6;7;-0.41;11.94;-0.10;4.02;5.93;2;698;ads bS
Os;269.4;hcp;1120;6;7;-0.41;11.94;-0.10;4.02;5.93;3;716;ads h
Os;269.4;hcp;1120;6;7;-0.41;11.94;-0.10;4.02;5.93;8;615;abs top
Os;269.4;hcp;1120;6;7;-0.41;11.94;-0.10;4.02;5.93;6;608;abs bS
Hf;313.9;hcp;0001;2;9;2.91;11.88;5.70;1.71;5.38;3;790;ads h
Hf;313.9;hcp;0001;2;9;2.91;11.88;5.70;1.71;5.38;3;756;ads hE
Hf;313.9;hcp;0001;2;9;2.91;11.88;5.70;1.71;5.38;4;713;abs top
Hf;313.9;hcp;0001;2;9;2.91;11.88;5.70;1.71;5.38;6;896;abs hE
Hf;313.9;hcp;1010;2;8;2.71;11.33;2.61;1.84;3.44;1;382;ads top
Hf;313.9;hcp;1010;2;8;2.71;11.33;2.61;1.84;3.44;2;823;ads bL
Hf;313.9;hcp;1010;2;8;2.71;11.33;2.61;1.84;3.44;4;517;ads h
Hf;313.9;hcp;1010;2;8;2.71;11.33;2.61;1.84;3.44;3;636;abs top
Hf;313.9;hcp;1010;2;8;2.71;11.33;2.61;1.84;3.44;5;816;abs bS
Hf;313.9;hcp;1120;2;7;2.26;10.00;3.30;1.83;3.63;3;806;ads h
Hf;313.9;hcp;1120;2;7;2.26;10.00;3.30;1.83;3.63;8;767;abs top
Hf;313.9;hcp;1120;2;7;2.26;10.00;3.30;1.83;3.63;6;941;abs bS
Co;247.0;hcp;0001;7;9;-0.51;7.97;-3.81;2.10;5.73;3;660;ads h
Co;247.0;hcp;0001;7;9;-0.51;7.97;-3.81;2.10;5.73;3;638;ads hE
Co;247.0;hcp;0001;7;9;-0.51;7.97;-3.81;2.10;5.73;4;572;abs top
Co;247.0;hcp;0001;7;9;-0.51;7.97;-3.81;2.10;5.73;4;581;abs h
Co;247.0;hcp;0001;7;9;-0.51;7.97;-3.81;2.10;5.73;6;652;abs hE
Co;247.0;hcp;1010;7;8;-0.60;7.34;-1.66;2.26;3.58;1;465;ads top
Co;247.0;hcp;1010;7;8;-0.60;7.34;-1.66;2.26;3.58;2;583;ads bS
Co;247.0;hcp;1010;7;8;-0.60;7.34;-1.66;2.26;3.58;2;666;ads bL
Co;247.0;hcp;1010;7;8;-0.60;7.34;-1.66;2.26;3.58;4;523;ads h
Co;247.0;hcp;1010;7;8;-0.60;7.34;-1.66;2.26;3.58;3;550;abs top
Co;247.0;hcp;1010;7;8;-0.60;7.34;-1.66;2.26;3.58;5;589;abs bS
Co;247.0;hcp;1120;7;7;-0.74;6.87;-0.73;2.44;4.12;1;529;ads top
Co;247.0;hcp;1120;7;7;-0.74;6.87;-0.73;2.44;4.12;2;567;ads bS
Co;247.0;hcp;1120;7;7;-0.74;6.87;-0.73;2.44;4.12;3;691;ads h
Co;247.0;hcp;1120;7;7;-0.74;6.87;-0.73;2.44;4.12;8;608;abs top
Co;247.0;hcp;1120;7;7;-0.74;6.87;-0.73;2.44;4.12;6;661;abs bS
Cd;330.6;hcp;0001;10;9;-8.70;-3.82;-8.38;0.20;3.89;3;344;ads hE
Cd;330.6;hcp;0001;10;9;-8.70;-3.82;-8.38;0.20;3.89;4;367;abs top
Cd;330.6;hcp;0001;10;9;-8.70;-3.82;-8.38;0.20;3.89;4;383;abs h
Cd;330.6;hcp;0001;10;9;-8.70;-3.82;-8.38;0.20;3.89;6;397;abs hE
Cd;330.6;hcp;1010;10;8;-8.63;-3.87;-8.30;0.61;2.37;1;183;ads top
Cd;330.6;hcp;1010;10;8;-8.63;-3.87;-8.30;0.61;2.37;4;157;ads h
Cd;330.6;hcp;1010;10;8;-8.63;-3.87;-8.30;0.61;2.37;3;345;abs top
Cd;330.6;hcp;1010;10;8;-8.63;-3.87;-8.30;0.61;2.37;5;384;abs bS
Cd;330.6;hcp;1010;10;8;-8.63;-3.87;-8.30;0.61;2.37;5;377;abs bL
Cd;330.6;hcp;1010;10;8;-8.63;-3.87;-8.30;0.61;2.37;3;290;abs h
Cd;330.6;hcp;1120;10;7;-8.48;-3.81;-8.09;0.50;2.77;3;411;ads h
Cd;330.6;hcp;1120;10;7;-8.48;-3.81;-8.09;0.50;2.77;8;404;abs top
Cd;330.6;hcp;1120;10;7;-8.48;-3.81;-8.09;0.50;2.77;6;441;abs bS
Rh;271.7;fcc;001;8;8;-1.52;4.80;0.79;2.27;6.43;1;513;ads top
Rh;271.7;fcc;001;8;8;-1.52;4.80;0.79;2.27;6.43;2;638;ads b
Rh;271.7;fcc;001;8;8;-1.52;4.80;0.79;2.27;6.43;4;777;ads h
Rh;271.7;fcc;001;8;8;-1.52;4.80;0.79;2.27;6.43;6;654;abs top
Rh;271.7;fcc;001;8;8;-1.52;4.80;0.79;2.27;6.43;4;613;abs b
Rh;271.7;fcc;011;8;7;-1.56;4.57;0.25;2.29;4.97;1;523;ads top
Rh;271.7;fcc;011;8;7;-1.56;4.57;0.25;2.29;4.97;2;651;ads bS
Rh;271.7;fcc;011;8;7;-1.56;4.57;0.25;2.29;4.97;2;717;ads bL
Rh;271.7;fcc;011;8;7;-1.56;4.57;0.25;2.29;4.97;4;633;ads h
Rh;271.7;fcc;011;8;7;-1.56;4.57;0.25;2.29;4.97;6;560;abs top
Rh;271.7;fcc;011;8;7;-1.56;4.57;0.25;2.29;4.97;4;658;abs bS
Rh;271.7;fcc;111;8;9;-1.64;3.84;-3.64;1.72;6.89;1;498;ads top
Rh;271.7;fcc;111;8;9;-1.64;3.84;-3.64;1.72;6.89;3;686;ads h fcc
Rh;271.7;fcc;111;8;9;-1.64;3.84;-3.64;1.72;6.89;3;706;ads h hcp
Rh;271.7;fcc;111;8;9;-1.64;3.84;-3.64;1.72;6.89;4;631;abs top
Rh;271.7;fcc;111;8;9;-1.64;3.84;-3.64;1.72;6.89;6;684;abs h fcc
Rh;271.7;fcc;111;8;9;-1.64;3.84;-3.64;1.72;6.89;4;612;abc h hcp
Pt;281.1;fcc;001;9;8;-2.03;4.08;-0.85;1.90;6.89;1;501;ads top
Pt;281.1;fcc;001;9;8;-2.03;4.08;-0.85;1.90;6.89;2;642;ads b
Pt;281.1;fcc;001;9;8;-2.03;4.08;-0.85;1.90;6.89;4;751;ads h
Pt;281.1;fcc;001;9;8;-2.03;4.08;-0.85;1.90;6.89;6;608;abs top
Pt;281.1;fcc;001;9;8;-2.03;4.08;-0.85;1.90;6.89;4;677;abs b
Pt;281.1;fcc;011;9;7;-2.04;3.74;0.09;1.95;5.54;1;531;ads top
Pt;281.1;fcc;011;9;7;-2.04;3.74;0.09;1.95;5.54;2;662;ads bS
Pt;281.1;fcc;011;9;7;-2.04;3.74;0.09;1.95;5.54;4;616;ads h
Pt;281.1;fcc;011;9;7;-2.04;3.74;0.09;1.95;5.54;6;542;abs top
Pt;281.1;fcc;011;9;7;-2.04;3.74;0.09;1.95;5.54;4;661;abs bS
Pt;281.1;fcc;011;9;7;-2.04;3.74;0.09;1.95;5.54;4;715;abs bL
Pt;281.1;fcc;111;9;9;-2.16;3.80;-0.19;1.56;7.34;1;479;ads top
Pt;281.1;fcc;111;9;9;-2.16;3.80;-0.19;1.56;7.34;3;707;ads h fcc
Pt;281.1;fcc;111;9;9;-2.16;3.80;-0.19;1.56;7.34;3;697;ads h hcp
Pt;281.1;fcc;111;9;9;-2.16;3.80;-0.19;1.56;7.34;4;650;abs top
Pt;281.1;fcc;111;9;9;-2.16;3.80;-0.19;1.56;7.34;6;652;abs h fcc
Pt;281.1;fcc;111;9;9;-2.16;3.80;-0.19;1.56;7.34;4;696;abs h hcp
Pd;279.4;fcc;001;10;8;-1.72;1.53;-1.39;1.50;5.12;1;428;ads top
Pd;279.4;fcc;001;10;8;-1.72;1.53;-1.39;1.50;5.12;2;599;ads b
Pd;279.4;fcc;001;10;8;-1.72;1.53;-1.39;1.50;5.12;6;728;abs top
Pd;279.4;fcc;001;10;8;-1.72;1.53;-1.39;1.50;5.12;4;695;abs b
Pd;279.4;fcc;001;10;8;-1.72;1.53;-1.39;1.50;5.12;4;781;abs h
Pd;279.4;fcc;011;10;7;-1.72;1.42;0.00;1.54;4.02;1;438;ads top
Pd;279.4;fcc;011;10;7;-1.72;1.42;0.00;1.54;4.02;2;613;ads bS
Pd;279.4;fcc;011;10;7;-1.72;1.42;0.00;1.54;4.02;4;685;ads h
Pd;279.4;fcc;011;10;7;-1.72;1.42;0.00;1.54;4.02;6;646;abs top
Pd;279.4;fcc;011;10;7;-1.72;1.42;0.00;1.54;4.02;4;748;abs bS
Pd;279.4;fcc;011;10;7;-1.72;1.42;0.00;1.54;4.02;4;742;abs bL
Pd;279.4;fcc;111;10;9;-1.83;1.47;0.00;1.14;5.49;1;423;ads top
Pd;279.4;fcc;111;10;9;-1.83;1.47;0.00;1.14;5.49;3;680;ads h fcc
Pd;279.4;fcc;111;10;9;-1.83;1.47;0.00;1.14;5.49;3;682;ads h hcp
Pd;279.4;fcc;111;10;9;-1.83;1.47;0.00;1.14;5.49;4;685;abs top
Pd;279.4;fcc;111;10;9;-1.83;1.47;0.00;1.14;5.49;6;751;abs h fcc
Pd;279.4;fcc;111;10;9;-1.83;1.47;0.00;1.14;5.49;4;705;abs h hcp
Ni;248.9;fcc;001;8;8;-1.39;4.97;-2.03;2.19;5.00;1;432;ads top
Ni;248.9;fcc;001;8;8;-1.39;4.97;-2.03;2.19;5.00;2;582;ads b
Ni;248.9;fcc;001;8;8;-1.39;4.97;-2.03;2.19;5.00;4;792;ads h
Ni;248.9;fcc;001;8;8;-1.39;4.97;-2.03;2.19;5.00;6;684;abs top
Ni;248.9;fcc;001;8;8;-1.39;4.97;-2.03;2.19;5.00;4;612;abs b
Ni;248.9;fcc;011;8;7;-1.26;4.88;-0.45;2.27;3.88;1;423;ads top
Ni;248.9;fcc;011;8;7;-1.26;4.88;-0.45;2.27;3.88;2;578;ads bS
Ni;248.9;fcc;011;8;7;-1.26;4.88;-0.45;2.27;3.88;2;711;ads bL
Ni;248.9;fcc;011;8;7;-1.26;4.88;-0.45;2.27;3.88;4;697;ads h
Ni;248.9;fcc;011;8;7;-1.26;4.88;-0.45;2.27;3.88;6;610;abs top
Ni;248.9;fcc;011;8;7;-1.26;4.88;-0.45;2.27;3.88;4;708;abs bS
Ni;248.9;fcc;111;8;9;-1.65;4.51;-2.27;1.93;5.43;1;424;ads top
Ni;248.9;fcc;111;8;9;-1.65;4.51;-2.27;1.93;5.43;3;647;ads h fcc
Ni;248.9;fcc;111;8;9;-1.65;4.51;-2.27;1.93;5.43;3;651;ads h hcp
Ni;248.9;fcc;111;8;9;-1.65;4.51;-2.27;1.93;5.43;4;605;abs top
Ni;248.9;fcc;111;8;9;-1.65;4.51;-2.27;1.93;5.43;6;708;abs h fcc
Ni;248.9;fcc;111;8;9;-1.65;4.51;-2.27;1.93;5.43;4;593;abs h hcp
Ir;274.1;fcc;001;7;8;-0.63;12.04;-0.35;2.79;8.13;1;543;ads top
Ir;274.1;fcc;001;7;8;-0.63;12.04;-0.35;2.79;8.13;2;656;ads b
Ir;274.1;fcc;001;7;8;-0.63;12.04;-0.35;2.79;8.13;4;761;ads h
Ir;274.1;fcc;001;7;8;-0.63;12.04;-0.35;2.79;8.13;6;505;abs top
Ir;274.1;fcc;001;7;8;-0.63;12.04;-0.35;2.79;8.13;4;527;abs b
Ir;274.1;fcc;011;7;7;-0.69;11.84;1.69;2.79;6.38;1;577;ads top
Ir;274.1;fcc;011;7;7;-0.69;11.84;1.69;2.79;6.38;2;697;ads bS
Ir;274.1;fcc;011;7;7;-0.69;11.84;1.69;2.79;6.38;2;698;ads bL
Ir;274.1;fcc;011;7;7;-0.69;11.84;1.69;2.79;6.38;4;600;ads h
Ir;274.1;fcc;011;7;7;-0.69;11.84;1.69;2.79;6.38;6;412;abs top
Ir;274.1;fcc;011;7;7;-0.69;11.84;1.69;2.79;6.38;4;530;abs bS
Ir;274.1;fcc;111;7;9;-0.99;11.22;-2.86;2.05;8.04;1;534;ads top
Ir;274.1;fcc;111;7;9;-0.99;11.22;-2.86;2.05;8.04;3;697;ads h fcc
Ir;274.1;fcc;111;7;9;-0.99;11.22;-2.86;2.05;8.04;3;720;ads h hcp
Ir;274.1;fcc;111;7;9;-0.99;11.22;-2.86;2.05;8.04;4;555;abs top
Ir;274.1;fcc;111;7;9;-0.99;11.22;-2.86;2.05;8.04;6;588;abs h fcc
Ir;274.1;fcc;111;7;9;-0.99;11.22;-2.86;2.05;8.04;4;559;abs h hcp
Cu;256.7;fcc;001;10;8;-2.29;2.14;-1.46;1.46;4.08;1;292;ads top
Cu;256.7;fcc;001;10;8;-2.29;2.14;-1.46;1.46;4.08;2;419;ads b
Cu;256.7;fcc;001;10;8;-2.29;2.14;-1.46;1.46;4.08;4;584;ads h
Cu;256.7;fcc;001;10;8;-2.29;2.14;-1.46;1.46;4.08;6;455;abs top
Cu;256.7;fcc;001;10;8;-2.29;2.14;-1.46;1.46;4.08;4;442;abs b
Cu;256.7;fcc;011;10;7;-2.29;2.06;-1.44;1.51;3.35;1;266;ads top
Cu;256.7;fcc;011;10;7;-2.29;2.06;-1.44;1.51;3.35;2;528;ads bL
Cu;256.7;fcc;011;10;7;-2.29;2.06;-1.44;1.51;3.35;4;546;ads h
Cu;256.7;fcc;011;10;7;-2.29;2.06;-1.44;1.51;3.35;6;459;abs top
Cu;256.7;fcc;011;10;7;-2.29;2.06;-1.44;1.51;3.35;4;538;abs bS
Cu;256.7;fcc;011;10;7;-2.29;2.06;-1.44;1.51;3.35;6;438;abs h
Cu;256.7;fcc;111;10;9;-2.56;2.00;-1.72;1.28;4.53;1;256;ads top
Cu;256.7;fcc;111;10;9;-2.56;2.00;-1.72;1.28;4.53;3;440;ads h fcc
Cu;256.7;fcc;111;10;9;-2.56;2.00;-1.72;1.28;4.53;3;436;ads h hcp
Cu;256.7;fcc;111;10;9;-2.56;2.00;-1.72;1.28;4.53;4;383;abs top
Cu;256.7;fcc;111;10;9;-2.56;2.00;-1.72;1.28;4.53;6;482;abs h fcc
Cu;256.7;fcc;111;10;9;-2.56;2.00;-1.72;1.28;4.53;4;394;abs h hcp
Au;295.0;fcc;001;10;8;-3.21;1.20;-3.09;0.86;5.41;1;238;ads top
Au;295.0;fcc;001;10;8;-3.21;1.20;-3.09;0.86;5.41;2;391;ads b
Au;295.0;fcc;001;10;8;-3.21;1.20;-3.09;0.86;5.41;4;447;ads h
Au;295.0;fcc;001;10;8;-3.21;1.20;-3.09;0.86;5.41;6;329;abs top
Au;295.0;fcc;001;10;8;-3.21;1.20;-3.09;0.86;5.41;4;413;abs b
Au;295.0;fcc;011;10;7;-3.21;1.09;-1.75;0.86;4.43;1;246;ads top
Au;295.0;fcc;011;10;7;-3.21;1.09;-1.75;0.86;4.43;2;395;ads bS
Au;295.0;fcc;011;10;7;-3.21;1.09;-1.75;0.86;4.43;4;401;ads h
Au;295.0;fcc;011;10;7;-3.21;1.09;-1.75;0.86;4.43;6;314;abs top
Au;295.0;fcc;011;10;7;-3.21;1.09;-1.75;0.86;4.43;4;420;abs bS
Au;295.0;fcc;011;10;7;-3.21;1.09;-1.75;0.86;4.43;4;417;abs bL
Au;295.0;fcc;111;10;9;-3.39;1.12;-2.08;0.68;5.89;1;211;ads top
Au;295.0;fcc;111;10;9;-3.39;1.12;-2.08;0.68;5.89;3;414;ads h fcc
Au;295.0;fcc;111;10;9;-3.39;1.12;-2.08;0.68;5.89;3;403;ads h bcc
Au;295.0;fcc;111;10;9;-3.39;1.12;-2.08;0.68;5.89;4;310;abs top
Au;295.0;fcc;111;10;9;-3.39;1.12;-2.08;0.68;5.89;6;350;abs h fcc
Au;295.0;fcc;111;10;9;-3.39;1.12;-2.08;0.68;5.89;4;389;abs h hcp
Ag;294.1;fcc;001;10;8;-3.87;-0.34;-3.19;0.80;3.87;1;176;ads top
Ag;294.1;fcc;001;10;8;-3.87;-0.34;-3.19;0.80;3.87;2;250;ads b
Ag;294.1;fcc;001;10;8;-3.87;-0.34;-3.19;0.80;3.87;4;398;ads h
Ag;294.1;fcc;001;10;8;-3.87;-0.34;-3.19;0.80;3.87;6;310;abs top
Ag;294.1;fcc;001;10;8;-3.87;-0.34;-3.19;0.80;3.87;4;311;abs b
Ag;294.1;fcc;011;10;7;-3.91;-0.44;-2.92;0.83;3.22;1;170;ads top
Ag;294.1;fcc;011;10;7;-3.91;-0.44;-2.92;0.83;3.22;2;364;ads bL
Ag;294.1;fcc;011;10;7;-3.91;-0.44;-2.92;0.83;3.22;4;364;ads h
Ag;294.1;fcc;011;10;7;-3.91;-0.44;-2.92;0.83;3.22;6;317;abs top
Ag;294.1;fcc;011;10;7;-3.91;-0.44;-2.92;0.83;3.22;4;379;abs bS
Ag;294.1;fcc;111;10;9;-4.05;-0.41;-5.13;0.69;4.26;1;161;ads top
Ag;294.1;fcc;111;10;9;-4.05;-0.41;-5.13;0.69;4.26;3;320;ads h fcc
Ag;294.1;fcc;111;10;9;-4.05;-0.41;-5.13;0.69;4.26;3;314;ads h hcp
Ag;294.1;fcc;111;10;9;-4.05;-0.41;-5.13;0.69;4.26;4;268;abs top
Ag;294.1;fcc;111;10;9;-4.05;-0.41;-5.13;0.69;4.26;6;338;abs h fcc
Ag;294.1;fcc;111;10;9;-4.05;-0.41;-5.13;0.69;4.26;4;294;abs h hcp
W;275.1;bcc;001;4;4;2.54;16.84;0.07;3.89;5.41;1;522;ads top
W;275.1;bcc;001;4;4;2.54;16.84;0.07;3.89;5.41;2;736;ads b
W;275.1;bcc;001;4;4;2.54;16.84;0.07;3.89;5.41;4;951;ads h
W;275.1;bcc;001;4;4;2.54;16.84;0.07;3.89;5.41;4;796;abs b
W;275.1;bcc;011;4;6;1.93;15.27;3.89;3.14;7.11;1;447;ads top
W;275.1;bcc;011;4;6;1.93;15.27;3.89;3.14;7.11;2;672;ads b
W;275.1;bcc;011;4;6;1.93;15.27;3.89;3.14;7.11;4;763;ads h
W;275.1;bcc;011;4;6;1.93;15.27;3.89;3.14;7.11;3;496;abs top
W;275.1;bcc;011;4;6;1.93;15.27;3.89;3.14;7.11;6;626;abs hT
W;275.1;bcc;111;4;4;2.63;10.77;-1.34;3.47;3.97;1;416;ads top
W;275.1;bcc;111;4;4;2.63;10.77;-1.34;3.47;3.97;2;717;ads b
W;275.1;bcc;111;4;4;2.63;10.77;-1.34;3.47;3.97;3;576;ads h fcc
W;275.1;bcc;111;4;4;2.63;10.77;-1.34;3.47;3.97;3;499;ads h hcp
W;275.1;bcc;111;4;4;2.63;10.77;-1.34;3.47;3.97;8;412;abs top
V;257.7;bcc;001;3;4;3.26;15.83;0.46;2.40;4.57;1;431;ads top
V;257.7;bcc;001;3;4;3.26;15.83;0.46;2.40;4.57;2;722;ads b
V;257.7;bcc;001;3;4;3.26;15.83;0.46;2.40;4.57;4;898;ads h
V;257.7;bcc;001;3;4;3.26;15.83;0.46;2.40;4.57;4;769;abs b
V;257.7;bcc;011;3;6;3.73;16.66;3.01;2.41;5.79;1;478;ads top
V;257.7;bcc;011;3;6;3.73;16.66;3.01;2.41;5.79;2;769;ads b
V;257.7;bcc;011;3;6;3.73;16.66;3.01;2.41;5.79;4;806;ads h
V;257.7;bcc;011;3;6;3.73;16.66;3.01;2.41;5.79;6;738;ads top
V;257.7;bcc;011;3;6;3.73;16.66;3.01;2.41;5.79;6;815;abs hT
V;257.7;bcc;111;3;4;3.97;12.29;1.85;2.70;3.17;1;364;ads top
V;257.7;bcc;111;3;4;3.97;12.29;1.85;2.70;3.17;2;770;ads b
V;257.7;bcc;111;3;4;3.97;12.29;1.85;2.70;3.17;3;773;ads h fcc
V;257.7;bcc;111;3;4;3.97;12.29;1.85;2.70;3.17;3;636;ads h hcp
V;257.7;bcc;111;3;4;3.97;12.29;1.85;2.70;3.17;8;599;abs top
Ta;287.5;bcc;001;3;4;1.99;11.39;4.61;2.51;4.43;1;404;ads top
Ta;287.5;bcc;001;3;4;1.99;11.39;4.61;2.51;4.43;2;640;ads b
Ta;287.5;bcc;001;3;4;1.99;11.39;4.61;2.51;4.43;4;915;ads h
Ta;287.5;bcc;001;3;4;1.99;11.39;4.61;2.51;4.43;4;740;abs b
Ta;287.5;bcc;011;3;6;2.95;13.88;5.04;2.56;6.25;1;438;ads top
Ta;287.5;bcc;011;3;6;2.95;13.88;5.04;2.56;6.25;2;645;ads b
Ta;287.5;bcc;011;3;6;2.95;13.88;5.04;2.56;6.25;4;773;ads h
Ta;287.5;bcc;011;3;6;2.95;13.88;5.04;2.56;6.25;3;696;abs top
Ta;287.5;bcc;011;3;6;2.95;13.88;5.04;2.56;6.25;6;819;abs hT
Ta;287.5;bcc;111;3;4;2.77;9.10;2.53;2.72;3.15;1;373;ads top
Ta;287.5;bcc;111;3;4;2.77;9.10;2.53;2.72;3.15;2;747;ads b
Ta;287.5;bcc;111;3;4;2.77;9.10;2.53;2.72;3.15;3;619;ads h fcc
Ta;287.5;bcc;111;3;4;2.77;9.10;2.53;2.72;3.15;3;556;ads h hcp
Ta;287.5;bcc;111;3;4;2.77;9.10;2.53;2.72;3.15;8;539;abs top
Nb;287.3;bcc;001;4;4;0.50;5.50;0.58;2.35;4.06;1;436;ads top
Nb;287.3;bcc;001;4;4;0.50;5.50;0.58;2.35;4.06;2;645;ads b
Nb;287.3;bcc;001;4;4;0.50;5.50;0.58;2.35;4.06;4;902;ads h
Nb;287.3;bcc;001;4;4;0.50;5.50;0.58;2.35;4.06;4;740;abs b
Nb;287.3;bcc;011;4;6;0.92;6.32;4.29;2.14;5.37;1;446;ads top
Nb;287.3;bcc;011;4;6;0.92;6.32;4.29;2.14;5.37;2;636;ads b
Nb;287.3;bcc;011;4;6;0.92;6.32;4.29;2.14;5.37;4;770;ads h
Nb;287.3;bcc;011;4;6;0.92;6.32;4.29;2.14;5.37;3;722;abs top
Nb;287.3;bcc;011;4;6;0.92;6.32;4.29;2.14;5.37;6;798;abs hT
Nb;287.3;bcc;111;4;4;0.98;3.23;3.17;2.36;2.88;1;353;ads top
Nb;287.3;bcc;111;4;4;0.98;3.23;3.17;2.36;2.88;2;716;ads b
Nb;287.3;bcc;111;4;4;0.98;3.23;3.17;2.36;2.88;3;636;ads h fcc
Nb;287.3;bcc;111;4;4;0.98;3.23;3.17;2.36;2.88;3;526;ads h hcp
Nb;287.3;bcc;111;4;4;0.98;3.23;3.17;2.36;2.88;8;550;abs top
Mo;274.9;bcc;001;5;4;0.14;5.89;-0.21;3.01;5.65;1;512;ads top
Mo;274.9;bcc;001;5;4;0.14;5.89;-0.21;3.01;5.65;2;684;ads b
Mo;274.9;bcc;001;5;4;0.14;5.89;-0.21;3.01;5.65;4;888;ads h
Mo;274.9;bcc;001;5;4;0.14;5.89;-0.21;3.01;5.65;4;749;abs b
Mo;274.9;bcc;011;5;6;-0.27;5.12;2.74;2.64;7.28;1;477;ads top
Mo;274.9;bcc;011;5;6;-0.27;5.12;2.74;2.64;7.28;2;668;ads b
Mo;274.9;bcc;011;5;6;-0.27;5.12;2.74;2.64;7.28;4;756;ads h
Mo;274.9;bcc;011;5;6;-0.27;5.12;2.74;2.64;7.28;3;566;abs top
Mo;274.9;bcc;011;5;6;-0.27;5.12;2.74;2.64;7.28;6;679;abs hT
Mo;274.9;bcc;111;5;4;-0.12;1.96;2.49;2.98;4.17;1;450;ads top
Mo;274.9;bcc;111;5;4;-0.12;1.96;2.49;2.98;4.17;2;735;ads b
Mo;274.9;bcc;111;5;4;-0.12;1.96;2.49;2.98;4.17;3;620;ads fcc
Mo;274.9;bcc;111;5;4;-0.12;1.96;2.49;2.98;4.17;3;537;ads hcp
Mo;274.9;bcc;111;5;4;-0.12;1.96;2.49;2.98;4.17;8;508;abs top
Fe;245.3;bcc;001;6;4;0.47;10.01;-2.15;2.58;4.36;1;526;ads top
Fe;245.3;bcc;001;6;4;0.47;10.01;-2.15;2.58;4.36;2;696;ads b
Fe;245.3;bcc;001;6;4;0.47;10.01;-2.15;2.58;4.36;4;817;ads h
Fe;245.3;bcc;001;6;4;0.47;10.01;-2.15;2.58;4.36;4;692;abs b
Fe;245.3;bcc;011;6;6;0.67;10.22;0.07;2.93;6.51;1;691;ads top
Fe;245.3;bcc;011;6;6;0.67;10.22;0.07;2.93;6.51;2;821;ads b
Fe;245.3;bcc;011;6;6;0.67;10.22;0.07;2.93;6.51;4;894;ads h
Fe;245.3;bcc;011;6;6;0.67;10.22;0.07;2.93;6.51;3;823;abs top
Fe;245.3;bcc;011;6;6;0.67;10.22;0.07;2.93;6.51;5;770;abs h
Fe;245.3;bcc;011;6;6;0.67;10.22;0.07;2.93;6.51;6;849;abs hT
Fe;245.3;bcc;111;6;4;0.19;8.58;-2.77;2.67;3.00;1;495;ads top
Fe;245.3;bcc;111;6;4;0.19;8.58;-2.77;2.67;3.00;2;748;ads b
Fe;245.3;bcc;111;6;4;0.19;8.58;-2.77;2.67;3.00;3;728;ads h fcc
Fe;245.3;bcc;111;6;4;0.19;8.58;-2.77;2.67;3.00;3;505;ads h hcp
Fe;245.3;bcc;111;6;4;0.19;8.58;-2.77;2.67;3.00;8;673;abs top
Cr;245.9;bcc;001;5;4;0.01;5.55;1.44;3.42;5.08;1;540;ads top
Cr;245.9;bcc;001;5;4;0.01;5.55;1.44;3.42;5.08;2;683;ads b
Cr;245.9;bcc;001;5;4;0.01;5.55;1.44;3.42;5.08;4;915;ads h
Cr;245.9;bcc;001;5;4;0.01;5.55;1.44;3.42;5.08;4;777;abs b
Cr;245.9;bcc;011;5;6;-0.28;5.33;2.24;3.29;7.37;1;487;ads top
Cr;245.9;bcc;011;5;6;-0.28;5.33;2.24;3.29;7.37;2;659;ads b
Cr;245.9;bcc;011;5;6;-0.28;5.33;2.24;3.29;7.37;4;750;ads h
Cr;245.9;bcc;011;5;6;-0.28;5.33;2.24;3.29;7.37;3;629;abs top
Cr;245.9;bcc;011;5;6;-0.28;5.33;2.24;3.29;7.37;6;666;abs hT
Cr;245.9;bcc;111;5;4;-0.16;-0.09;-0.84;3.40;3.68;1;421;ads top
Cr;245.9;bcc;111;5;4;-0.16;-0.09;-0.84;3.40;3.68;2;755;ads b
Cr;245.9;bcc;111;5;4;-0.16;-0.09;-0.84;3.40;3.68;3;729;ads h fcc
Cr;245.9;bcc;111;5;4;-0.16;-0.09;-0.84;3.40;3.68;3;637;ads h hcp
Cr;245.9;bcc;111;5;4;-0.16;-0.09;-0.84;3.40;3.68;8;544;abs top
